"","V1","V2","V3","V4","V5","V6","V7","V8","V9","V10","V11","V12","V13","V14","V15","V16","V17","V18","V19","V20","V21","V22","V23","V24","V25","V26","V27","V28","V29","V30","V31","V32","V33","V34","V35","V36","V37","V38","V39","V40","V41","V42","V43","V44","V45","V46","V47","V48","V49","V50","V51","V52","V53","V54","V55","V56","V57","V58","V59","V60","V61","V62","V63","V64","V65","V66","V67","V68","V69","V70","V71","V72","V73","V74","V75","V76","V77","V78","V79","V80","V81","V82","V83","V84","V85","V86","V87","V88","V89","V90","V91","V92","V93","V94","V95","V96","V97","V98","V99","V100","V101"
"1",0.99975,1,0.97125,0.9875,0.99975,0.98775,1,0.99875,0.99825,1,1,0.94975,1,0.96775,1,0.98775,1,0.99775,0.9955,0.99875,0.9995,1,0.99925,0.99925,1,0.9995,1,0.9995,0.9995,0.98675,0.98625,0.99975,0.816,1,0.99325,0.99325,0.96,0.99975,1,0.9995,0.96475,0.99875,0.964,1,1,1,0.99875,0.99475,0.997,1,0.9985,1,0.96175,1,0.9995,0.949,0.999,0.98075,1,1,0.99925,0.99425,0.96175,0.99475,0.9975,0.7595,0.95725,0.98975,0.9995,0.99925,0.96375,1,0.99025,0.98475,0.9745,1,0.9975,0.98425,0.9405,0.99825,0.99975,0.98025,0.99975,1,0.991,0.98275,1,0.98975,0.99375,1,0.99875,0.9995,1,0.998,0.961,0.915,0.97375,0.99025,0.98275,0.9995,1
"2",0.9965,1,0.9755,0.982,0.9995,0.983,1,0.996,0.996,1,1,0.946,0.99975,0.97275,0.99925,0.98425,1,0.99625,0.99625,0.99825,0.99775,1,0.99825,0.99925,1,0.999,1,1,0.99925,0.9875,0.984,1,0.80325,0.9995,0.99525,0.995,0.9665,1,1,1,0.973,0.99875,0.95375,0.9995,1,0.99975,0.99875,0.9975,0.998,0.99975,0.99875,1,0.965,1,0.99975,0.94525,0.99925,0.9815,1,1,0.99925,0.99425,0.969,0.9975,0.99725,0.7615,0.9605,0.98625,0.99825,0.99925,0.963,1,0.989,0.9825,0.97525,1,0.9975,0.9865,0.9425,0.99825,0.9995,0.98025,1,0.99975,0.995,0.985,1,0.99025,0.99475,1,0.99875,0.99875,1,0.99525,0.967,0.91425,0.9715,0.989,0.9815,0.9995,1
"3",0.99725,0.99975,0.97775,0.988,0.9995,0.98675,1,0.997,0.9975,1,1,0.95175,0.99975,0.97175,0.9995,0.985,1,0.99725,0.99625,0.99975,0.9975,1,0.99925,0.9995,1,1,0.99975,0.99825,0.9995,0.991,0.9845,0.99975,0.80275,0.99975,0.9955,0.995,0.96825,0.99975,1,0.999,0.9695,0.9995,0.961,0.9995,1,1,0.99925,0.99475,0.99775,0.99975,0.99875,1,0.96625,1,0.99975,0.942,0.998,0.97975,1,1,0.999,0.994,0.964,0.99525,0.99775,0.76825,0.9555,0.9905,0.99925,0.99925,0.9625,1,0.99325,0.98175,0.971,1,0.99825,0.98575,0.941,0.99775,0.9995,0.98075,0.99975,1,0.99475,0.98725,1,0.9905,0.99525,1,0.99925,0.9995,1,0.997,0.97,0.91625,0.97675,0.9915,0.98375,0.9995,1
"4",0.99775,0.9995,0.97775,0.9895,0.99875,0.9875,1,0.996,0.99625,1,1,0.9445,0.9995,0.972,1,0.98425,1,0.99775,0.99475,0.999,0.998,1,0.99925,0.9995,1,0.99975,1,0.9995,1,0.9875,0.98725,1,0.81275,1,0.99725,0.99525,0.964,0.99975,0.9995,0.99875,0.9655,0.999,0.96125,0.998,1,1,0.99775,0.99425,0.998,0.99975,0.999,0.9995,0.9665,1,0.99925,0.95025,0.9995,0.98,0.99975,1,0.99875,0.9925,0.968,0.99675,0.9965,0.78875,0.965,0.991,0.999,0.9995,0.963,1,0.992,0.982,0.97575,1,0.9965,0.98125,0.942,0.99775,0.99925,0.979,0.99925,1,0.993,0.9895,1,0.991,0.99125,1,0.999,0.99925,1,0.99775,0.97075,0.911,0.96725,0.99,0.982,0.9995,1
"5",0.99775,1,0.97625,0.98975,0.999,0.9875,1,0.99625,0.9965,1,0.99975,0.9495,1,0.972,0.99975,0.98225,1,0.99925,0.99625,0.99775,0.999,1,0.9995,1,1,0.99975,1,0.999,0.99925,0.9895,0.9865,0.99925,0.824,0.9995,0.99175,0.9955,0.9645,0.99975,1,0.99875,0.97175,0.99825,0.96375,0.99975,1,1,0.99925,0.9975,0.9975,0.99975,0.99825,0.99975,0.96725,1,0.9995,0.95375,0.998,0.97925,1,1,0.99875,0.992,0.9705,0.99575,0.99775,0.78,0.96425,0.98875,0.99925,0.99975,0.96375,1,0.9905,0.9795,0.97625,1,0.998,0.9825,0.94475,0.997,0.99975,0.9755,0.99975,0.99975,0.9915,0.985,1,0.9915,0.9935,1,0.99875,0.999,1,0.996,0.96725,0.918,0.97,0.99025,0.98675,1,1
"6",0.99675,1,0.975,0.98925,1,0.988,1,0.997,0.997,1,1,0.95325,1,0.9705,0.99975,0.98525,1,0.99825,0.99475,0.9985,0.99775,1,0.99925,0.99925,1,0.9995,1,0.9995,0.999,0.986,0.98375,1,0.82975,1,0.9935,0.99625,0.95825,0.9995,1,0.99925,0.9695,0.9985,0.95875,0.99925,1,1,0.99825,0.99575,0.99725,0.99925,0.99675,0.9995,0.97,1,0.9995,0.94275,0.99875,0.97825,1,1,0.999,0.995,0.9645,0.99575,0.99775,0.7505,0.95875,0.99025,0.99975,0.99875,0.96925,0.99975,0.98975,0.98,0.97725,1,0.997,0.98625,0.9395,0.99725,0.99975,0.97925,1,1,0.9935,0.9835,1,0.9875,0.995,1,0.998,0.99975,1,0.9945,0.97425,0.9125,0.97625,0.9925,0.98525,0.99975,1
"7",0.9965,1,0.9765,0.98675,0.999,0.98775,1,0.996,0.996,1,1,0.9615,1,0.9715,0.99975,0.985,1,0.99825,0.99675,0.999,0.99775,1,0.9985,0.9995,1,1,0.99975,0.9995,0.9995,0.9905,0.98775,1,0.821,0.9995,0.995,0.99575,0.9715,0.999,1,0.99825,0.97175,0.9985,0.96075,0.999,1,0.99975,0.99875,0.9955,0.99575,1,0.9995,0.99975,0.9615,1,0.99975,0.94875,0.9975,0.98375,1,1,0.99875,0.99575,0.966,0.99675,0.99825,0.77675,0.96575,0.98925,0.99825,0.99975,0.9595,1,0.99325,0.98675,0.974,1,0.99725,0.98375,0.94875,0.99825,1,0.97725,0.99975,1,0.99275,0.98975,1,0.99025,0.994,1,0.99825,0.9985,1,0.99825,0.96825,0.92125,0.9685,0.9895,0.9835,0.99975,1
"8",0.99675,0.9995,0.9785,0.98725,0.99975,0.98725,1,0.99725,0.9965,1,1,0.958,0.99975,0.97225,1,0.9855,1,0.9965,0.9985,0.999,0.99925,1,0.99675,0.99975,1,0.99925,0.99975,1,0.99925,0.98925,0.984,0.99975,0.8185,1,0.99425,0.996,0.96625,1,1,0.99825,0.97175,0.99925,0.9605,0.999,1,1,0.99875,0.99675,0.99575,1,0.999,1,0.959,1,0.999,0.95325,0.99875,0.98025,0.99975,1,0.9995,0.9935,0.965,0.99525,0.99725,0.77475,0.9645,0.9915,0.9995,0.99925,0.9665,1,0.993,0.98275,0.97325,1,0.999,0.987,0.94425,0.99775,0.99975,0.98,0.99925,1,0.9925,0.983,1,0.9935,0.99275,1,0.99925,0.999,1,0.996,0.97,0.92675,0.96975,0.99025,0.98675,0.9995,1
"9",0.9985,1,0.97625,0.9895,0.9995,0.988,1,0.9965,0.9965,1,1,0.96225,0.9995,0.96925,1,0.985,1,0.9985,0.99775,0.99825,0.998,1,0.9975,1,1,0.9985,0.9995,0.9995,0.9995,0.988,0.9845,1,0.82625,1,0.995,0.99775,0.972,0.99975,1,0.99825,0.96625,0.99875,0.96275,0.999,1,0.99975,0.9995,0.99675,0.9965,0.99975,0.9995,0.99975,0.9685,1,0.99875,0.9465,0.9995,0.97775,1,1,0.999,0.9935,0.9695,0.99625,0.997,0.785,0.96025,0.98925,0.99925,0.99875,0.9575,1,0.993,0.98725,0.97975,1,0.9975,0.98225,0.93825,0.9985,0.99975,0.97425,0.9995,0.99925,0.99375,0.9885,1,0.993,0.99175,1,0.9995,0.999,1,0.9985,0.97225,0.91725,0.9765,0.989,0.98125,0.9985,1
"10",0.998,1,0.98225,0.9865,0.99875,0.98425,1,0.99675,0.99575,1,0.99975,0.953,0.9995,0.97525,0.99975,0.98675,1,0.998,0.99825,0.99875,0.99875,1,0.99675,0.99975,1,0.9995,0.99975,1,0.99825,0.98675,0.98475,1,0.822,0.9995,0.99575,0.9965,0.96775,1,1,0.9995,0.97475,0.9975,0.962,0.99975,1,1,0.99725,0.99575,0.99775,0.9995,0.999,0.999,0.97125,1,0.9995,0.9555,0.99925,0.97875,0.99975,1,0.99925,0.99375,0.9675,0.99525,0.99775,0.769,0.9575,0.98925,0.99975,0.99975,0.96075,1,0.9925,0.98475,0.975,1,0.99625,0.97825,0.9435,0.998,0.99875,0.97925,1,0.99975,0.99075,0.987,1,0.99425,0.99425,1,0.999,0.999,1,0.99625,0.97775,0.9235,0.973,0.99,0.9865,0.99925,1
"11",0.99675,0.9995,0.981,0.9855,0.99975,0.9845,1,0.99475,0.99475,1,1,0.96,0.9995,0.96875,1,0.988,1,0.997,0.9975,0.9995,0.9995,1,0.998,0.999,1,0.99975,0.9995,0.9995,0.99925,0.98725,0.981,0.99975,0.83225,0.99975,0.996,0.9945,0.96625,0.99925,1,0.99875,0.975,0.999,0.96375,0.9985,1,1,0.9985,0.99525,0.996,0.9995,0.99975,0.99875,0.961,0.9995,0.9995,0.9445,0.99875,0.985,0.9995,1,0.9995,0.99425,0.96625,0.9965,0.99825,0.78275,0.9615,0.989,0.9995,0.9995,0.964,1,0.99125,0.982,0.9765,1,0.99475,0.98025,0.94825,0.999,0.99925,0.97825,0.99975,0.99975,0.9915,0.99,1,0.99425,0.9945,0.99975,0.998,0.99875,1,0.997,0.9715,0.92425,0.976,0.9895,0.98225,0.99875,1
"12",0.99675,1,0.98025,0.987,0.99875,0.987,1,0.99625,0.99675,1,1,0.955,0.99975,0.971,1,0.98375,1,0.997,0.9955,0.99875,0.998,1,0.99825,0.99875,1,0.9995,1,0.99875,0.999,0.98325,0.984,1,0.846,1,0.99375,0.996,0.975,0.99975,1,0.9965,0.96425,0.99925,0.96425,0.9985,1,1,0.9965,0.99675,0.9975,1,0.99875,0.99925,0.96425,1,0.9985,0.9475,0.9985,0.987,0.99975,1,0.99975,0.99475,0.9655,0.995,0.99825,0.7875,0.96375,0.98925,0.9995,0.99875,0.958,1,0.992,0.984,0.98425,1,0.99625,0.98625,0.9385,0.99825,0.9995,0.9785,0.99975,1,0.99375,0.991,1,0.99075,0.99175,1,0.99875,0.999,1,0.997,0.97775,0.914,0.9735,0.98575,0.9785,0.99875,1
"13",0.998,0.99975,0.977,0.98475,0.99875,0.98675,1,0.9955,0.9965,1,0.9995,0.9605,1,0.964,1,0.9885,1,0.9975,0.99825,0.9985,0.99875,1,0.9965,0.9995,1,1,0.99975,0.99875,0.999,0.98625,0.98075,1,0.83675,0.99925,0.99275,0.996,0.96675,0.9995,1,0.99875,0.96925,0.99875,0.96675,0.999,1,1,0.9975,0.99375,0.99775,1,0.99875,1,0.9645,1,0.99975,0.94675,0.999,0.9755,1,1,0.99875,0.99175,0.96875,0.99425,0.99675,0.7655,0.95575,0.99175,0.99925,0.99975,0.96175,1,0.99425,0.98225,0.979,1,0.99725,0.98525,0.94075,0.99775,0.99975,0.97225,1,0.99975,0.992,0.98675,1,0.993,0.99325,1,0.999,0.99925,0.9995,0.995,0.9725,0.93,0.97525,0.9895,0.98475,0.9995,1
"14",0.99675,1,0.97675,0.98825,0.998,0.9845,1,0.99525,0.99625,1,0.99975,0.9575,0.9995,0.969,1,0.98825,1,0.99775,0.99625,0.999,0.99875,1,0.99675,0.999,1,0.99975,0.99975,0.99825,0.999,0.99025,0.98525,1,0.8485,0.9995,0.994,0.997,0.9665,0.99925,1,0.997,0.9725,0.9995,0.9665,0.99975,1,1,0.998,0.99625,0.9965,1,0.99925,1,0.966,1,0.998,0.954,0.9995,0.9795,1,1,0.9995,0.99425,0.9685,0.9965,0.99575,0.7915,0.96075,0.9905,0.99975,0.9995,0.952,1,0.99275,0.986,0.9725,1,0.994,0.983,0.94175,0.99625,0.9995,0.97925,0.9995,1,0.98725,0.986,1,0.9915,0.9935,0.99975,0.9985,0.99875,1,0.9975,0.978,0.9335,0.96725,0.98825,0.98375,0.9995,1
"15",0.9965,0.99925,0.97875,0.987,0.99825,0.98875,1,0.99725,0.996,1,1,0.9595,0.99875,0.971,1,0.98725,1,0.9975,0.996,0.9995,0.99775,1,0.99825,0.999,1,0.99925,1,0.99925,0.998,0.98625,0.979,0.99975,0.838,0.99975,0.99325,0.997,0.97,0.9995,0.99975,0.99825,0.97325,0.9995,0.9675,0.99775,1,1,0.99725,0.9955,0.99775,0.9995,0.99925,0.99975,0.96475,1,0.99925,0.94775,0.999,0.976,1,1,0.9985,0.9935,0.972,0.99725,0.996,0.79125,0.96325,0.9905,0.9995,0.99975,0.96775,1,0.99225,0.98525,0.97725,1,0.997,0.98225,0.944,0.99625,1,0.977,0.99925,1,0.99225,0.9885,1,0.9895,0.98575,1,0.99825,0.99825,1,0.996,0.98075,0.9185,0.9685,0.984,0.9795,0.9995,1
"16",0.99625,0.999,0.9795,0.98575,0.99825,0.98575,1,0.99725,0.995,1,0.99975,0.96125,0.99925,0.9725,0.99975,0.99275,1,0.99625,0.998,0.99875,0.99725,1,0.99575,0.9995,1,0.99975,0.9995,0.99825,0.999,0.9885,0.98325,0.99975,0.85475,0.99975,0.995,0.99775,0.971,0.99875,0.9995,0.99925,0.971,0.9985,0.9685,0.999,1,0.99975,0.99825,0.9975,0.99575,0.99975,0.99925,0.99875,0.9705,1,0.9995,0.9495,0.99675,0.97475,0.999,1,0.99875,0.99375,0.966,0.99275,0.99525,0.787,0.9565,0.992,0.99925,0.99925,0.96025,1,0.9895,0.98275,0.9815,1,0.99525,0.981,0.94675,0.99775,0.99875,0.97575,1,1,0.98975,0.98925,1,0.99375,0.99375,0.99975,0.99875,0.99875,1,0.995,0.97525,0.92975,0.96975,0.98075,0.98575,0.999,1
"17",0.99725,0.9995,0.97575,0.98875,0.99725,0.9875,0.9995,0.99425,0.994,1,0.9995,0.95475,0.99875,0.96375,1,0.98475,1,0.9975,0.99625,0.9985,0.99775,1,0.99725,0.99875,1,0.999,0.99925,0.9975,0.99875,0.9825,0.98575,0.99975,0.855,0.99975,0.993,0.9955,0.97325,0.99925,1,0.99775,0.97175,0.9995,0.96675,0.9985,1,1,0.9975,0.996,0.998,0.9995,0.9985,0.998,0.96775,1,1,0.94925,0.99875,0.982,0.9995,1,0.9995,0.9955,0.9585,0.993,0.996,0.7945,0.953,0.99,0.9995,0.999,0.957,0.99975,0.99,0.97875,0.9805,1,0.99525,0.979,0.94125,0.99675,0.99975,0.97275,0.9995,1,0.991,0.99075,1,0.9925,0.9915,1,0.99875,0.99825,1,0.995,0.975,0.9265,0.97025,0.984,0.9845,1,1
"18",0.9975,0.99925,0.9805,0.98575,0.9995,0.9855,1,0.996,0.9945,1,1,0.96725,1,0.9645,1,0.98875,1,0.99775,0.99575,0.99875,0.998,1,0.996,0.9995,1,0.9995,0.9985,0.99825,0.998,0.98125,0.98,0.9995,0.8345,1,0.992,0.9975,0.972,0.9995,1,0.99925,0.97175,0.99925,0.9695,0.9975,1,1,0.99775,0.998,0.99625,0.9995,0.99925,0.9985,0.96825,1,0.999,0.95375,0.9985,0.97625,1,1,0.99925,0.99625,0.966,0.99475,0.9965,0.79825,0.95475,0.98525,0.99975,0.99975,0.9605,0.9995,0.9925,0.98675,0.97675,1,0.99375,0.984,0.9495,0.99725,0.9995,0.9765,0.99925,0.99975,0.99225,0.98675,1,0.99325,0.99125,1,0.99775,0.9995,1,0.99575,0.97475,0.9295,0.971,0.985,0.98725,0.9995,1
"19",0.99525,0.9995,0.97825,0.98375,0.99825,0.9875,1,0.99325,0.99475,1,1,0.96575,0.99875,0.97025,0.99975,0.989,1,0.997,0.99775,0.999,0.99925,1,0.99475,0.9995,1,0.99975,0.9995,0.99825,0.99675,0.98125,0.98325,0.99925,0.853,0.9995,0.993,0.9955,0.9685,0.9995,1,0.99875,0.97025,0.998,0.96975,0.99725,1,0.9995,0.9985,0.9965,0.996,0.9995,0.99975,0.9975,0.95925,0.99975,0.9985,0.9505,0.997,0.976,0.99925,1,0.99925,0.99425,0.96675,0.9925,0.99675,0.79175,0.9495,0.98725,0.99975,0.9995,0.9555,0.99975,0.9895,0.9865,0.9785,1,0.9945,0.98175,0.9395,0.9955,0.999,0.97025,0.99975,0.999,0.99125,0.98875,1,0.9945,0.988,0.9995,0.997,0.9985,1,0.996,0.983,0.93475,0.96625,0.98375,0.98425,0.99975,1
"20",0.99825,0.99925,0.97575,0.9895,0.99925,0.98825,0.9995,0.99325,0.99275,1,0.99975,0.964,0.99925,0.96825,0.99975,0.98625,1,0.99675,0.9975,0.999,0.9975,1,0.9955,1,1,0.99975,0.9995,0.998,0.998,0.9835,0.98,1,0.8645,0.9995,0.9925,0.99675,0.977,0.99875,1,0.99775,0.9715,0.99825,0.96775,0.99725,1,1,0.99725,0.996,0.996,1,1,0.9985,0.96175,1,0.999,0.95475,0.99825,0.977,1,0.99975,0.99925,0.99325,0.966,0.9925,0.99425,0.792,0.95425,0.98975,0.99925,0.999,0.96325,0.99925,0.98975,0.988,0.983,1,0.9955,0.9805,0.937,0.996,0.999,0.967,0.99975,0.99975,0.99025,0.98975,1,0.9955,0.9895,1,0.9995,0.999,1,0.99425,0.97675,0.92475,0.96325,0.98,0.98575,0.99925,1
"21",0.99725,0.9985,0.9815,0.98125,0.9985,0.9855,1,0.99525,0.99475,1,1,0.9575,0.998,0.96625,0.99925,0.987,1,0.99875,0.9965,0.99775,0.99825,1,0.995,0.99825,0.99975,0.99975,0.9975,0.9965,0.9975,0.9765,0.98,0.99925,0.875,0.9995,0.99475,0.9955,0.97775,0.9995,1,0.99825,0.96625,0.99825,0.973,0.99775,1,1,0.99675,0.99475,0.99625,0.99975,0.99925,0.9975,0.9595,0.99975,0.9985,0.9475,0.99625,0.978,0.9995,1,0.9985,0.992,0.97175,0.9905,0.9955,0.79125,0.9495,0.98725,0.999,0.9995,0.961,0.9995,0.99225,0.9825,0.98,1,0.994,0.97475,0.9365,0.9945,0.99875,0.96725,1,0.99975,0.992,0.98975,1,0.9925,0.98925,0.99975,0.9965,0.99875,1,0.99575,0.97325,0.93825,0.96725,0.97725,0.98225,0.99975,1
"22",0.99575,0.9975,0.981,0.984,0.9965,0.986,1,0.996,0.9935,1,0.9995,0.9635,0.99875,0.96275,0.99975,0.9865,1,0.9975,0.997,0.997,0.998,1,0.9945,0.99925,1,0.99975,0.9985,0.99775,0.99475,0.983,0.98325,0.99975,0.856,0.9995,0.989,0.99625,0.97775,0.99875,1,0.99675,0.9725,0.99775,0.9705,0.997,0.99975,1,0.996,0.99475,0.99525,0.9995,0.9985,0.997,0.963,0.9995,0.99775,0.94875,0.99625,0.975,1,1,0.9995,0.9965,0.9645,0.9915,0.995,0.8045,0.949,0.99,0.99925,0.9985,0.94975,0.999,0.98725,0.98475,0.983,1,0.993,0.979,0.93275,0.993,0.999,0.9705,0.99975,0.99975,0.988,0.9895,1,0.99225,0.9855,0.99975,0.99675,0.999,1,0.995,0.976,0.9295,0.963,0.98175,0.982,0.99875,1
"23",0.99425,0.99925,0.9775,0.98175,0.997,0.98425,1,0.99375,0.99175,1,0.99975,0.96975,0.999,0.959,1,0.987,0.99975,0.9965,0.99825,0.99775,0.99725,1,0.99225,0.99825,0.99975,1,0.998,0.996,0.9975,0.98,0.9795,0.9995,0.855,1,0.99125,0.99775,0.97675,0.999,1,0.99725,0.97475,0.9985,0.9675,0.99725,1,1,0.996,0.9945,0.99425,1,0.9995,0.9975,0.964,1,0.998,0.945,0.9965,0.98,1,1,0.99875,0.99425,0.96375,0.99275,0.99625,0.79875,0.94775,0.98275,0.99925,0.999,0.955,0.999,0.98925,0.98725,0.982,1,0.99575,0.97875,0.933,0.9945,1,0.96575,0.9995,0.9995,0.99025,0.98775,1,0.99425,0.986,0.9995,0.998,0.998,1,0.994,0.97975,0.92575,0.96325,0.97775,0.9825,0.9995,1
"24",0.996,0.9975,0.98025,0.98325,0.9975,0.97825,0.99975,0.99275,0.99325,1,1,0.9655,0.99775,0.963,0.9995,0.99025,0.9995,0.997,0.99775,0.99725,0.9975,0.99975,0.99175,0.99875,0.99975,1,0.998,0.99575,0.994,0.97525,0.9815,0.9995,0.8565,0.999,0.99,0.99775,0.9735,0.9985,1,0.998,0.9705,0.99825,0.97125,0.99725,1,1,0.996,0.99725,0.99375,0.9995,0.9985,0.9975,0.9655,1,0.998,0.94375,0.99475,0.9765,1,0.99975,0.999,0.99625,0.964,0.99,0.99775,0.78675,0.95025,0.99,0.99975,0.998,0.95975,0.99875,0.99,0.983,0.9825,1,0.9935,0.9785,0.92575,0.9915,0.99825,0.964,0.99975,0.9985,0.98725,0.98675,1,0.99,0.984,1,0.99875,0.99825,1,0.99375,0.97925,0.924,0.951,0.973,0.9805,0.99975,1
"25",0.99725,0.9975,0.97625,0.98425,0.9945,0.984,1,0.99175,0.99125,1,0.99925,0.96925,0.99825,0.962,1,0.9865,0.99975,0.99825,0.9965,0.99675,0.9975,1,0.98975,0.99725,0.99975,0.99975,0.99775,0.995,0.995,0.9765,0.97775,0.999,0.85575,0.999,0.98575,0.99675,0.9775,0.99875,1,0.998,0.96725,0.999,0.971,0.99575,0.99975,1,0.99575,0.99525,0.99375,0.999,0.99925,0.9965,0.96225,1,0.9985,0.946,0.9965,0.97525,0.99925,1,0.99875,0.9945,0.9625,0.99225,0.9955,0.79625,0.952,0.98675,0.99925,0.9985,0.957,0.99775,0.9875,0.9855,0.97975,1,0.994,0.9715,0.9305,0.99475,1,0.962,1,0.9985,0.98725,0.99275,1,0.99375,0.98725,0.9995,0.998,0.999,0.99975,0.9955,0.9785,0.92725,0.95425,0.96975,0.9805,0.9995,1
"26",0.997,0.99425,0.983,0.983,0.9955,0.98125,1,0.99325,0.98925,1,0.999,0.96475,0.99675,0.95875,0.99925,0.98575,0.999,0.99575,0.99675,0.9965,0.997,1,0.991,0.998,0.99975,0.99925,0.99625,0.996,0.994,0.96925,0.9745,0.99925,0.862,0.999,0.98625,0.996,0.974,0.999,1,0.99675,0.966,0.997,0.96725,0.99675,0.99975,1,0.99325,0.99325,0.99275,0.999,0.9985,0.9955,0.9625,1,0.998,0.9465,0.99275,0.975,0.9995,1,0.998,0.99325,0.96175,0.99175,0.99525,0.8015,0.951,0.98925,0.999,0.99875,0.954,0.99875,0.99,0.9875,0.98625,1,0.99275,0.976,0.93075,0.9955,0.9995,0.95725,0.9995,0.9995,0.99025,0.9875,1,0.991,0.97875,1,0.998,0.9965,1,0.993,0.98,0.92225,0.9545,0.9695,0.98425,0.9995,1
"27",0.9955,0.99475,0.9785,0.97825,0.9935,0.98525,0.99975,0.99325,0.99025,1,0.99975,0.95675,0.9985,0.95675,0.99925,0.98375,0.99925,0.998,0.99775,0.9965,0.9965,1,0.98625,0.9975,0.9995,0.99975,0.9955,0.9935,0.9955,0.9685,0.97275,0.9995,0.85,0.99875,0.98375,0.99775,0.979,0.99725,0.99975,0.9955,0.96875,0.9975,0.96825,0.99625,0.99925,0.99975,0.9955,0.996,0.993,0.99925,0.99875,0.9925,0.9635,1,0.998,0.95125,0.993,0.976,0.99975,0.99975,0.99925,0.992,0.969,0.986,0.9935,0.79775,0.94325,0.98475,0.9995,0.999,0.95225,0.99925,0.98775,0.98275,0.97525,0.99975,0.99425,0.97075,0.936,0.9925,0.99875,0.957,0.99975,0.99925,0.98425,0.98975,1,0.9905,0.9765,1,0.9955,0.9965,0.99925,0.99325,0.98025,0.923,0.9535,0.95725,0.98125,0.99875,1
"28",0.99225,0.993,0.979,0.9825,0.9955,0.9785,0.99975,0.99275,0.989,1,0.99925,0.962,0.99575,0.9595,0.99975,0.9855,0.99925,0.996,0.998,0.9965,0.997,0.9995,0.987,0.99625,0.999,0.99875,0.99625,0.99225,0.9905,0.9725,0.98,0.99675,0.8625,0.9985,0.98625,0.99475,0.976,0.998,0.99975,0.995,0.96925,0.9985,0.96625,0.994,0.99975,1,0.99575,0.99575,0.99125,0.99975,0.9975,0.9925,0.95775,1,0.997,0.949,0.99475,0.973,0.9995,1,0.999,0.9945,0.95725,0.9875,0.994,0.80225,0.9415,0.98475,0.999,0.99825,0.94,0.9975,0.98625,0.9825,0.98175,0.99975,0.98925,0.9705,0.91525,0.989,0.999,0.953,0.99975,1,0.9855,0.98875,1,0.991,0.97675,0.9995,0.995,0.9975,0.99975,0.9945,0.9825,0.92375,0.952,0.9635,0.9795,0.99875,1
"29",0.99475,0.99225,0.98,0.978,0.992,0.9795,0.99975,0.99225,0.988,1,0.9975,0.964,0.99275,0.952,0.9995,0.98875,0.99925,0.99675,0.998,0.9965,0.995,1,0.985,0.9955,0.99875,0.9995,0.9955,0.9925,0.99225,0.96025,0.97375,0.9985,0.86375,0.99825,0.98475,0.995,0.968,0.99625,0.99975,0.99425,0.96725,0.999,0.96025,0.99275,0.99975,1,0.99475,0.9965,0.994,0.999,0.9985,0.99,0.95575,1,0.99725,0.93975,0.99125,0.9665,0.99825,0.9995,0.99875,0.9915,0.96125,0.9865,0.99375,0.79225,0.94575,0.9835,0.999,0.999,0.9435,0.9955,0.98325,0.97975,0.9775,0.99975,0.99175,0.9695,0.9215,0.98675,0.99875,0.9565,0.99925,0.99775,0.98675,0.99175,1,0.994,0.98075,0.998,0.995,0.99625,1,0.99425,0.97825,0.9195,0.93925,0.96125,0.98275,0.99875,1
"30",0.99025,0.99075,0.976,0.976,0.9885,0.97825,1,0.9915,0.98675,1,0.999,0.9625,0.994,0.9555,0.99975,0.98475,0.99575,0.99575,0.99875,0.996,0.99725,1,0.98,0.99675,0.99925,0.99925,0.9925,0.98625,0.98825,0.95675,0.973,0.99775,0.86925,0.9975,0.987,0.99475,0.97025,0.99575,0.99975,0.994,0.9645,0.9975,0.95875,0.992,0.9995,1,0.99375,0.99675,0.99175,0.9995,0.99925,0.98725,0.95825,0.99975,0.9965,0.93475,0.992,0.9695,0.99925,0.99975,0.99775,0.9915,0.96125,0.986,0.991,0.789,0.9325,0.98225,0.9995,0.99925,0.93725,0.99575,0.9825,0.98475,0.9775,1,0.9865,0.96375,0.91625,0.9895,0.9995,0.94325,0.9985,0.99925,0.9815,0.98475,1,0.9915,0.979,0.999,0.99375,0.99675,0.99975,0.9885,0.977,0.9335,0.94175,0.9585,0.9805,0.999,1
"31",0.9945,0.9895,0.97675,0.9735,0.9905,0.97775,0.99975,0.9875,0.987,1,0.99825,0.96575,0.992,0.9495,0.9995,0.98525,0.99625,0.995,0.99625,0.99625,0.9945,1,0.97075,0.995,0.99825,0.99925,0.9935,0.983,0.9855,0.957,0.9675,0.9985,0.87325,0.99825,0.9805,0.99675,0.97725,0.9965,0.99975,0.99425,0.965,0.99725,0.95725,0.99075,0.999,1,0.98875,0.99525,0.99,0.9995,0.99775,0.9855,0.956,1,0.995,0.94425,0.99075,0.96475,0.99925,0.9995,0.99725,0.99025,0.9585,0.98375,0.99025,0.78625,0.93075,0.98275,0.99875,0.99525,0.948,0.99575,0.9845,0.98475,0.978,1,0.984,0.96525,0.91675,0.9845,0.99725,0.95025,0.9995,0.9965,0.981,0.98775,1,0.992,0.97275,0.99925,0.994,0.9955,1,0.99075,0.97775,0.91525,0.94425,0.94525,0.9765,0.99675,1
"32",0.992,0.98675,0.97875,0.972,0.989,0.97625,1,0.98775,0.98075,1,0.9975,0.961,0.99,0.94425,0.99975,0.984,0.99625,0.99475,0.99575,0.9965,0.99575,1,0.96825,0.9935,0.99775,0.9995,0.993,0.98,0.98675,0.956,0.964,0.99825,0.86025,0.99875,0.976,0.99575,0.97225,0.993,1,0.9915,0.96875,0.9985,0.9575,0.988,0.9995,1,0.99025,0.99425,0.98975,0.99925,0.99875,0.98475,0.95125,1,0.99525,0.938,0.9905,0.96575,0.99925,0.9995,0.99675,0.9895,0.9555,0.98125,0.9865,0.775,0.9335,0.98225,0.998,0.99725,0.94475,0.99325,0.98175,0.98525,0.97875,0.9995,0.9825,0.953,0.91175,0.982,0.99825,0.93875,0.999,0.998,0.9775,0.98325,1,0.9915,0.9735,0.9995,0.9925,0.99625,0.9995,0.98975,0.979,0.921,0.9395,0.941,0.9775,0.999,1
"33",0.989,0.9835,0.97575,0.9695,0.986,0.97425,1,0.988,0.98225,1,0.99675,0.95775,0.989,0.93975,0.999,0.98425,0.99325,0.997,0.99675,0.9935,0.99325,0.9995,0.972,0.99325,0.996,0.998,0.99175,0.98125,0.98625,0.95325,0.9655,0.9985,0.86325,0.99775,0.9805,0.996,0.9745,0.99325,0.99975,0.99125,0.96175,0.999,0.96275,0.98975,0.99825,1,0.99075,0.997,0.98775,0.99825,0.99725,0.985,0.95075,0.99975,0.99375,0.933,0.98275,0.95675,0.99925,0.99975,0.9985,0.99125,0.957,0.975,0.988,0.78625,0.9315,0.981,0.99825,0.9975,0.931,0.9925,0.98125,0.9825,0.973,0.99975,0.98175,0.95825,0.9115,0.98575,0.999,0.94025,0.9995,0.99475,0.9715,0.988,1,0.9905,0.9615,0.99775,0.99075,0.99275,0.99875,0.98825,0.97225,0.91925,0.92225,0.9325,0.98125,0.99775,1
"34",0.988,0.983,0.97675,0.9715,0.984,0.97175,1,0.9865,0.9785,1,0.997,0.96275,0.98725,0.936,0.99925,0.98275,0.99425,0.99575,0.99725,0.997,0.99325,0.9995,0.9635,0.992,0.9985,0.99925,0.986,0.97725,0.977,0.9455,0.9585,0.9965,0.85875,0.997,0.973,0.998,0.973,0.99475,0.99925,0.987,0.9615,0.9975,0.9615,0.9825,0.99825,0.99975,0.98925,0.992,0.98575,0.99775,0.99825,0.97225,0.95025,0.99975,0.99375,0.9405,0.98375,0.951,0.99775,0.999,0.9965,0.98775,0.9505,0.97725,0.98475,0.79275,0.92575,0.9785,0.99775,0.996,0.93425,0.992,0.98175,0.9805,0.9775,0.99925,0.97825,0.95825,0.90075,0.9785,0.9985,0.9255,0.9995,0.9965,0.9755,0.98525,1,0.99075,0.968,0.998,0.98525,0.989,0.9995,0.98975,0.979,0.91425,0.92925,0.9315,0.97575,0.99875,1
"35",0.98475,0.9695,0.978,0.971,0.97975,0.97075,0.9995,0.984,0.9695,1,0.99325,0.95375,0.98425,0.92825,0.99925,0.9845,0.99225,0.994,0.9955,0.993,0.99425,1,0.96125,0.991,0.99775,0.999,0.98625,0.96425,0.97475,0.9475,0.95025,0.9965,0.86025,0.9965,0.971,0.99675,0.97925,0.9895,0.998,0.987,0.95725,0.99725,0.95725,0.97825,0.99825,0.999,0.984,0.994,0.98625,0.9985,0.9985,0.9695,0.94625,0.99975,0.99425,0.936,0.976,0.95575,0.9975,0.9985,0.99575,0.9915,0.94925,0.972,0.982,0.78575,0.917,0.9795,0.997,0.99325,0.93575,0.987,0.98225,0.9835,0.9775,0.9995,0.97925,0.95075,0.90225,0.97675,0.998,0.928,0.99825,0.99275,0.96875,0.98325,0.99975,0.9915,0.95975,0.99775,0.98675,0.98775,0.998,0.9855,0.97775,0.90775,0.92025,0.926,0.969,0.99725,1
"36",0.98975,0.97475,0.97575,0.967,0.9775,0.96625,0.999,0.97875,0.96825,1,0.99375,0.959,0.9795,0.9285,0.999,0.98425,0.9865,0.99575,0.99625,0.9905,0.99275,0.9995,0.9505,0.99,0.994,0.9985,0.9795,0.95925,0.96925,0.93575,0.95175,0.99575,0.86175,0.99525,0.97075,0.996,0.9715,0.99025,0.99775,0.9825,0.94775,0.9935,0.9575,0.98225,0.99775,0.99925,0.983,0.9935,0.98125,0.9985,0.99675,0.9695,0.94525,1,0.992,0.925,0.978,0.95175,0.9985,0.99825,0.9955,0.99025,0.94225,0.9715,0.9825,0.783,0.9075,0.975,0.99775,0.99325,0.926,0.97975,0.9715,0.9825,0.97325,0.99825,0.9725,0.9405,0.8905,0.97675,0.99675,0.9315,0.9995,0.99275,0.96875,0.9855,1,0.98975,0.9525,0.99725,0.9885,0.99,0.998,0.99,0.97725,0.90725,0.91225,0.91475,0.97525,0.997,1
"37",0.9845,0.95975,0.97825,0.956,0.9725,0.96475,0.99975,0.97775,0.97,1,0.994,0.96,0.97025,0.9245,0.998,0.98,0.9855,0.99075,0.9955,0.9875,0.99275,0.99925,0.94375,0.98925,0.99375,0.99875,0.97575,0.9555,0.96625,0.917,0.9555,0.99375,0.8645,0.99625,0.9735,0.99575,0.97525,0.98525,0.9995,0.977,0.95375,0.9945,0.945,0.983,0.99525,0.9995,0.98025,0.993,0.984,0.99625,0.99475,0.94875,0.936,0.99975,0.986,0.9315,0.97275,0.94,0.99725,0.9985,0.9955,0.98775,0.935,0.967,0.9795,0.781,0.903,0.97425,0.99625,0.9925,0.9195,0.9705,0.976,0.9785,0.976,0.9975,0.96075,0.9445,0.896,0.969,0.9975,0.9105,0.9995,0.99,0.964,0.98375,0.99975,0.99075,0.9515,0.994,0.9775,0.98525,0.9975,0.98475,0.977,0.91125,0.92475,0.91425,0.971,0.9965,1
"38",0.98225,0.95275,0.97475,0.961,0.9675,0.966,0.9995,0.97575,0.9695,1,0.99125,0.956,0.96675,0.91325,0.9985,0.97925,0.97775,0.98925,0.996,0.99175,0.99175,0.998,0.939,0.986,0.99225,0.99825,0.9685,0.9405,0.94975,0.9245,0.93875,0.992,0.859,0.994,0.9715,0.996,0.97725,0.9835,0.998,0.978,0.95425,0.9955,0.95175,0.97325,0.995,0.9995,0.9745,0.99325,0.98125,0.9965,0.9985,0.95125,0.93725,0.99975,0.98675,0.92375,0.96175,0.93825,0.99375,0.99875,0.996,0.99,0.95125,0.9575,0.9755,0.76975,0.8995,0.97525,0.99625,0.9925,0.9155,0.95875,0.9755,0.97775,0.976,0.9965,0.96775,0.9305,0.8865,0.967,0.99575,0.90725,0.998,0.99075,0.96375,0.98325,0.99975,0.988,0.94075,0.99275,0.9785,0.98075,0.99775,0.98075,0.973,0.907,0.89925,0.894,0.972,0.99625,1
"39",0.98,0.9445,0.97175,0.95025,0.9635,0.957,0.99825,0.9795,0.962,1,0.988,0.95325,0.96175,0.9135,0.9985,0.97875,0.97125,0.99275,0.995,0.9875,0.98975,0.9975,0.93275,0.98125,0.9905,0.99825,0.96475,0.93925,0.9545,0.90975,0.94025,0.98975,0.857,0.992,0.952,0.99425,0.96975,0.9845,0.99575,0.9715,0.9485,0.99425,0.947,0.9725,0.994,0.99925,0.97675,0.9925,0.97725,0.99675,0.997,0.9465,0.9265,0.99875,0.9845,0.92175,0.95925,0.937,0.995,0.99775,0.994,0.984,0.94,0.9535,0.97575,0.7775,0.887,0.969,0.99475,0.992,0.91425,0.96525,0.9675,0.98,0.9735,0.99575,0.96075,0.9175,0.87275,0.96175,0.99575,0.9005,0.99825,0.9865,0.95825,0.9795,0.99975,0.989,0.936,0.99125,0.97775,0.9845,0.99725,0.97975,0.97725,0.907,0.89975,0.873,0.96725,0.99625,0.99975
"40",0.9765,0.927,0.967,0.9455,0.949,0.953,0.9975,0.97125,0.953,1,0.983,0.94575,0.9495,0.9095,0.99875,0.97475,0.96325,0.99175,0.994,0.98475,0.98425,0.99725,0.90425,0.974,0.9825,0.99725,0.9585,0.9305,0.94625,0.90375,0.92525,0.99025,0.8545,0.9925,0.9605,0.99475,0.97125,0.97925,0.9965,0.97075,0.9395,0.99375,0.952,0.962,0.98625,0.999,0.96425,0.99,0.9725,0.99275,0.995,0.931,0.92925,0.9985,0.97675,0.931,0.94525,0.92675,0.9935,0.99325,0.9925,0.9835,0.92425,0.9475,0.97375,0.7745,0.88025,0.9735,0.9935,0.9905,0.90125,0.9465,0.967,0.979,0.9735,0.9945,0.9505,0.923,0.864,0.95425,0.995,0.89,0.9975,0.98075,0.95775,0.97925,0.9995,0.984,0.9355,0.994,0.97075,0.97125,0.993,0.97225,0.96975,0.89875,0.88425,0.86675,0.96,0.9955,1
"41",0.97025,0.91125,0.96925,0.9505,0.9365,0.95275,0.99975,0.97375,0.95075,0.99975,0.98325,0.95375,0.94975,0.89775,0.997,0.9765,0.95425,0.98975,0.9945,0.98,0.98,0.99725,0.90725,0.97625,0.97975,0.99675,0.9475,0.9145,0.92675,0.88625,0.9215,0.9835,0.8695,0.98825,0.9475,0.993,0.971,0.97175,0.996,0.96325,0.935,0.9905,0.94125,0.9545,0.993,0.99875,0.9675,0.99325,0.96175,0.9915,0.99525,0.91175,0.92575,0.999,0.98025,0.902,0.95375,0.9285,0.99225,0.99275,0.99125,0.98275,0.9265,0.94675,0.96925,0.7645,0.8675,0.96475,0.99225,0.986,0.89525,0.93425,0.9605,0.97175,0.971,0.99425,0.94975,0.91125,0.8645,0.95425,0.9945,0.88675,0.99825,0.97675,0.94875,0.9815,0.99975,0.983,0.92725,0.9905,0.96625,0.97575,0.992,0.97175,0.97,0.89575,0.8765,0.849,0.96275,0.9945,1
"42",0.9665,0.88975,0.9695,0.94125,0.92475,0.94175,0.99775,0.96425,0.9375,0.99975,0.9705,0.956,0.93,0.883,0.99725,0.97425,0.93525,0.98725,0.9945,0.98525,0.98225,0.994,0.87275,0.9705,0.9745,0.9965,0.93275,0.887,0.90775,0.8755,0.917,0.9805,0.83575,0.984,0.94325,0.99575,0.96775,0.965,0.98925,0.9525,0.935,0.9905,0.946,0.93725,0.983,0.999,0.95925,0.98875,0.96475,0.99275,0.99375,0.89225,0.92025,0.99875,0.9775,0.9075,0.936,0.91775,0.99075,0.98825,0.99075,0.98325,0.922,0.929,0.95575,0.76275,0.87475,0.965,0.9935,0.98325,0.89025,0.91275,0.95725,0.969,0.97025,0.98925,0.94125,0.9,0.85875,0.93325,0.99325,0.87775,0.99725,0.965,0.93925,0.98,0.99975,0.98425,0.90625,0.98575,0.962,0.96075,0.99,0.9695,0.9705,0.8955,0.87425,0.828,0.95525,0.99275,0.99925
"43",0.96675,0.86575,0.96075,0.93525,0.9195,0.946,0.9965,0.95525,0.9315,0.9995,0.97225,0.938,0.92575,0.8795,0.99625,0.97225,0.92625,0.98775,0.9935,0.98,0.9835,0.99525,0.86325,0.96625,0.966,0.99675,0.91425,0.88,0.89825,0.86675,0.90725,0.98025,0.85475,0.9815,0.932,0.994,0.96175,0.96275,0.99075,0.9475,0.92575,0.99125,0.93575,0.936,0.98,0.9985,0.95275,0.985,0.95325,0.99,0.99575,0.8885,0.90475,0.99875,0.96825,0.90175,0.92425,0.903,0.99025,0.98925,0.9885,0.97875,0.918,0.9205,0.9535,0.7425,0.84925,0.96775,0.9915,0.982,0.88,0.8895,0.95825,0.96975,0.97825,0.98925,0.934,0.89175,0.84,0.92775,0.9885,0.8595,0.996,0.9615,0.9335,0.975,0.99875,0.98275,0.8955,0.9865,0.9595,0.95775,0.9875,0.96625,0.97025,0.8885,0.8485,0.83175,0.959,0.986,0.99825
"44",0.9595,0.843,0.963,0.93825,0.89725,0.9315,0.99625,0.96025,0.92575,0.999,0.96025,0.94875,0.91075,0.863,0.9955,0.965,0.90075,0.984,0.99225,0.9725,0.9725,0.992,0.83375,0.95925,0.95875,0.99625,0.90175,0.85675,0.88525,0.85225,0.89675,0.9725,0.84975,0.97575,0.93475,0.9925,0.96425,0.94325,0.985,0.94075,0.9215,0.98625,0.93275,0.92325,0.96925,0.99925,0.94375,0.98625,0.945,0.9865,0.99025,0.864,0.90525,0.9965,0.9655,0.8905,0.9105,0.89875,0.98275,0.9865,0.9865,0.973,0.90725,0.916,0.95375,0.74225,0.84775,0.95175,0.9905,0.9815,0.87425,0.85425,0.945,0.978,0.96825,0.98025,0.92475,0.879,0.83925,0.9155,0.98875,0.846,0.99475,0.95075,0.92775,0.9725,0.9995,0.98075,0.89375,0.98125,0.944,0.953,0.98425,0.96125,0.962,0.86175,0.82925,0.786,0.9535,0.985,0.9985
"45",0.94975,0.81025,0.9545,0.9115,0.8885,0.9235,0.9945,0.94175,0.90575,0.99875,0.94775,0.9365,0.88675,0.85325,0.99325,0.96675,0.87325,0.98075,0.992,0.97125,0.97225,0.9875,0.7995,0.94125,0.943,0.99475,0.8725,0.8145,0.86075,0.84825,0.89025,0.97125,0.847,0.97825,0.91825,0.99525,0.96325,0.93925,0.98225,0.9365,0.9155,0.9855,0.9255,0.90975,0.95925,0.99675,0.9275,0.983,0.94175,0.9795,0.9915,0.8135,0.88775,0.99625,0.95075,0.892,0.8885,0.8845,0.98075,0.9805,0.98325,0.969,0.9025,0.90725,0.9375,0.74375,0.83375,0.95575,0.98625,0.96725,0.85425,0.829,0.93325,0.97125,0.96725,0.96775,0.90775,0.86775,0.8355,0.9065,0.985,0.83075,0.9925,0.93975,0.90475,0.96825,0.99675,0.9775,0.881,0.977,0.93275,0.94,0.975,0.952,0.964,0.86825,0.81925,0.766,0.948,0.97725,0.9945
"46",0.93925,0.776,0.961,0.9115,0.848,0.91725,0.99125,0.93525,0.902,0.9975,0.935,0.9315,0.87375,0.839,0.99175,0.95875,0.854,0.9775,0.99075,0.9675,0.9675,0.98025,0.788,0.93775,0.926,0.99325,0.84675,0.795,0.82275,0.81075,0.87375,0.95925,0.84675,0.97,0.90825,0.99375,0.961,0.917,0.97425,0.92175,0.89825,0.9805,0.92125,0.883,0.95,0.9945,0.92675,0.97925,0.933,0.9795,0.98825,0.7965,0.88525,0.99275,0.942,0.87875,0.8695,0.871,0.97825,0.96875,0.97925,0.9695,0.892,0.8795,0.9275,0.73475,0.80625,0.9485,0.98275,0.967,0.843,0.77275,0.9365,0.96525,0.9615,0.965,0.89775,0.85125,0.816,0.8825,0.98175,0.81725,0.99375,0.9225,0.91275,0.9605,0.99675,0.97325,0.85775,0.97075,0.92075,0.93175,0.96625,0.94375,0.9635,0.871,0.79125,0.75375,0.93575,0.97625,0.9865
"47",0.9295,0.71825,0.9485,0.90575,0.8315,0.9065,0.98825,0.928,0.87625,0.99225,0.928,0.93225,0.83075,0.82075,0.98975,0.95625,0.7985,0.96375,0.99025,0.95625,0.96025,0.97775,0.7555,0.92975,0.906,0.989,0.82475,0.768,0.81525,0.7975,0.8505,0.94775,0.83125,0.96375,0.89375,0.99175,0.95225,0.9055,0.976,0.88425,0.89375,0.98,0.90975,0.866,0.9295,0.9955,0.902,0.981,0.90875,0.96675,0.98475,0.7565,0.87325,0.9935,0.932,0.87825,0.841,0.8665,0.974,0.952,0.974,0.96175,0.89975,0.87325,0.925,0.73175,0.804,0.94275,0.97825,0.95575,0.83425,0.725,0.92125,0.96075,0.95625,0.9485,0.87675,0.84075,0.80175,0.8635,0.98,0.80425,0.99075,0.901,0.89325,0.9575,0.99525,0.96825,0.83275,0.9635,0.9095,0.9085,0.95475,0.93675,0.94875,0.86375,0.8025,0.71525,0.9345,0.97625,0.97575
"48",0.91125,0.69275,0.9485,0.9015,0.7985,0.89275,0.98325,0.9215,0.85725,0.99125,0.89625,0.933,0.8015,0.8245,0.987,0.959,0.751,0.9675,0.98875,0.9515,0.952,0.97375,0.7265,0.911,0.87375,0.9845,0.78475,0.7185,0.79425,0.771,0.8485,0.9225,0.82525,0.95175,0.8835,0.99125,0.95175,0.8965,0.96275,0.8905,0.8815,0.97075,0.89475,0.8545,0.913,0.99525,0.88925,0.979,0.9025,0.96575,0.9815,0.71075,0.86225,0.992,0.90625,0.8605,0.824,0.84825,0.96375,0.94475,0.97525,0.96075,0.8745,0.849,0.90275,0.713,0.78275,0.928,0.97925,0.94275,0.81875,0.66025,0.90775,0.95725,0.95475,0.93325,0.86225,0.82275,0.7795,0.8445,0.97375,0.79125,0.9905,0.8715,0.872,0.95775,0.98975,0.96625,0.805,0.9425,0.88275,0.89775,0.9405,0.92225,0.95325,0.8355,0.76925,0.67325,0.9285,0.97375,0.9705
"49",0.89725,0.624,0.93975,0.87075,0.78175,0.88325,0.98225,0.90975,0.84825,0.988,0.8655,0.93475,0.77425,0.798,0.97775,0.9475,0.672,0.95925,0.99025,0.94175,0.94075,0.965,0.6625,0.88025,0.83975,0.9775,0.757,0.6755,0.75225,0.73575,0.8165,0.92475,0.82675,0.9345,0.86125,0.98975,0.95625,0.863,0.9425,0.864,0.88825,0.9685,0.8945,0.8185,0.87825,0.99275,0.8625,0.975,0.888,0.9495,0.97675,0.674,0.8555,0.986,0.89525,0.8485,0.79325,0.83375,0.96125,0.927,0.96375,0.94625,0.86625,0.83525,0.8855,0.711,0.76775,0.91775,0.9705,0.93675,0.808,0.619,0.89675,0.95425,0.94725,0.91425,0.844,0.8,0.77625,0.82125,0.9685,0.75325,0.98725,0.8455,0.86975,0.951,0.98875,0.9575,0.7895,0.93525,0.87,0.89025,0.9305,0.9115,0.95125,0.83975,0.753,0.6405,0.914,0.9565,0.94275
"50",0.887,0.5675,0.941,0.86875,0.7325,0.872,0.97575,0.894,0.818,0.97975,0.85275,0.922,0.72725,0.78375,0.9775,0.9395,0.62675,0.95925,0.9835,0.92675,0.925,0.95025,0.62225,0.857,0.828,0.9775,0.713,0.6035,0.7025,0.7145,0.8055,0.91025,0.83275,0.92125,0.8515,0.9845,0.93575,0.84225,0.93075,0.84625,0.8495,0.96025,0.896,0.79175,0.8525,0.98925,0.844,0.9675,0.86925,0.94025,0.97775,0.61325,0.83825,0.98975,0.88175,0.84375,0.751,0.828,0.942,0.9,0.956,0.9495,0.851,0.8045,0.8745,0.68725,0.758,0.925,0.964,0.92875,0.7775,0.52325,0.88775,0.94375,0.94075,0.88975,0.8075,0.78375,0.743,0.79175,0.95675,0.7395,0.9785,0.81,0.831,0.94875,0.98425,0.96,0.772,0.9155,0.83775,0.869,0.90725,0.908,0.9395,0.8285,0.74,0.611,0.914,0.95425,0.91
"51",0.8685,0.49875,0.934,0.85675,0.685,0.85375,0.96075,0.8725,0.77875,0.9655,0.791,0.91275,0.6825,0.759,0.96875,0.93375,0.5535,0.94825,0.97825,0.90725,0.91325,0.9245,0.59175,0.83975,0.74675,0.974,0.663,0.574,0.65275,0.7,0.7845,0.8915,0.82425,0.91025,0.83425,0.983,0.94175,0.8145,0.9175,0.82,0.8595,0.95625,0.88175,0.756,0.809,0.9895,0.8055,0.96575,0.848,0.9255,0.96575,0.55475,0.8105,0.97975,0.862,0.8325,0.70825,0.809,0.92025,0.893,0.95675,0.94425,0.843,0.78775,0.857,0.6785,0.73,0.9015,0.95025,0.90525,0.77025,0.46825,0.87875,0.94325,0.945,0.864,0.78075,0.75825,0.71525,0.76675,0.95625,0.7175,0.972,0.76275,0.8305,0.93775,0.97325,0.949,0.7335,0.89725,0.8085,0.83675,0.87,0.884,0.939,0.83175,0.69675,0.58375,0.899,0.9495,0.86175
"52",0.85,0.44925,0.93225,0.81875,0.64375,0.83675,0.9605,0.84775,0.75475,0.94975,0.7725,0.89775,0.63225,0.72075,0.9585,0.9315,0.50925,0.9395,0.97775,0.8835,0.8945,0.9075,0.54825,0.82575,0.6955,0.963,0.61525,0.5105,0.606,0.6565,0.7535,0.8535,0.79375,0.88725,0.80975,0.97875,0.942,0.7665,0.8915,0.79475,0.843,0.93675,0.8555,0.7275,0.77475,0.98225,0.76975,0.9555,0.8225,0.913,0.95875,0.50975,0.79525,0.97575,0.821,0.81475,0.68,0.77425,0.90325,0.851,0.935,0.93375,0.805,0.75125,0.82425,0.6755,0.696,0.89275,0.94875,0.8725,0.7515,0.38425,0.8415,0.93275,0.9345,0.807,0.756,0.711,0.7165,0.74175,0.943,0.68675,0.96875,0.72975,0.8035,0.94225,0.96825,0.93925,0.6875,0.878,0.785,0.79925,0.84625,0.883,0.929,0.79975,0.68375,0.52825,0.88,0.9295,0.81025
"53",0.8205,0.3665,0.9135,0.80475,0.5815,0.80575,0.94075,0.8305,0.72975,0.9245,0.71325,0.901,0.59175,0.7175,0.9575,0.9215,0.4365,0.9235,0.96925,0.88,0.88325,0.88525,0.4995,0.792,0.65925,0.96025,0.54275,0.46375,0.559,0.60275,0.729,0.8345,0.78725,0.8625,0.76925,0.97725,0.925,0.74,0.86375,0.755,0.83325,0.9265,0.83675,0.66675,0.706,0.982,0.77725,0.94925,0.78025,0.88925,0.95825,0.44875,0.78375,0.968,0.80325,0.793,0.634,0.7515,0.88375,0.81675,0.9275,0.9225,0.813,0.721,0.80725,0.65975,0.66225,0.85575,0.9405,0.868,0.73125,0.33375,0.831,0.92825,0.934,0.75425,0.71725,0.70375,0.69275,0.6875,0.91725,0.64025,0.965,0.67075,0.779,0.9275,0.94575,0.9325,0.6585,0.8295,0.7515,0.7665,0.79325,0.857,0.926,0.7925,0.638,0.48825,0.85875,0.90875,0.738
"54",0.781,0.322,0.90925,0.77825,0.546,0.782,0.92125,0.802,0.68675,0.87925,0.65775,0.889,0.51175,0.65275,0.943,0.897,0.338,0.912,0.9695,0.853,0.85425,0.85525,0.4405,0.74225,0.62,0.93575,0.4995,0.4175,0.48825,0.5645,0.708,0.80025,0.78075,0.83125,0.733,0.98125,0.917,0.68275,0.82925,0.7035,0.79375,0.91125,0.84125,0.626,0.66225,0.971,0.68975,0.9385,0.7675,0.8505,0.94625,0.3885,0.754,0.95875,0.7745,0.78,0.55425,0.7185,0.8595,0.74875,0.908,0.905,0.7795,0.6715,0.77125,0.65275,0.6435,0.8535,0.92575,0.84425,0.705,0.25975,0.8065,0.916,0.91875,0.70975,0.681,0.67225,0.65,0.63475,0.90275,0.6055,0.95825,0.623,0.74575,0.9075,0.93175,0.919,0.63175,0.80475,0.70075,0.74275,0.77575,0.8175,0.92525,0.765,0.61925,0.43225,0.858,0.89075,0.64475
"55",0.76525,0.2635,0.88675,0.74925,0.5,0.7705,0.90075,0.77125,0.642,0.82,0.604,0.87225,0.45475,0.63425,0.91925,0.88675,0.276,0.89925,0.962,0.83225,0.82325,0.797,0.3675,0.7095,0.5065,0.931,0.4175,0.35225,0.433,0.51875,0.684,0.73775,0.744,0.81325,0.707,0.9705,0.9095,0.6385,0.799,0.66725,0.78425,0.90125,0.82825,0.552,0.58425,0.95925,0.6835,0.93025,0.72675,0.82475,0.93,0.3235,0.7405,0.947,0.7255,0.76975,0.52875,0.70125,0.831,0.69825,0.89475,0.8785,0.7665,0.646,0.723,0.62525,0.601,0.83675,0.901,0.80275,0.67375,0.212,0.77425,0.9085,0.90775,0.647,0.63925,0.634,0.631,0.616,0.8785,0.582,0.93875,0.5495,0.708,0.90825,0.899,0.9155,0.555,0.77475,0.6605,0.6865,0.68325,0.788,0.908,0.76075,0.58775,0.3905,0.83825,0.86825,0.542
"56",0.718,0.19675,0.872,0.71575,0.40975,0.74575,0.8775,0.74,0.6025,0.757,0.54425,0.86325,0.403,0.59375,0.9135,0.879,0.22675,0.8785,0.953,0.77875,0.8035,0.763,0.311,0.6655,0.44425,0.916,0.372,0.27475,0.3805,0.49775,0.63875,0.686,0.76175,0.77275,0.66725,0.961,0.9015,0.58275,0.72775,0.63075,0.76225,0.88325,0.794,0.49975,0.49575,0.95425,0.62125,0.91425,0.68275,0.78,0.9205,0.2565,0.72525,0.92575,0.67925,0.751,0.45975,0.6505,0.77775,0.63325,0.86975,0.86825,0.73375,0.6015,0.68375,0.62025,0.58225,0.81225,0.8835,0.77075,0.648,0.15425,0.76325,0.8835,0.8925,0.56425,0.59375,0.613,0.589,0.5365,0.85225,0.53625,0.9165,0.50975,0.6525,0.88925,0.86025,0.895,0.54375,0.7195,0.60325,0.6235,0.6725,0.75275,0.89125,0.7305,0.52475,0.35325,0.818,0.849,0.42625
"57",0.6775,0.1595,0.87275,0.68125,0.371,0.70775,0.837,0.70725,0.5695,0.68875,0.46425,0.84825,0.343,0.56075,0.882,0.856,0.1685,0.83925,0.948,0.7435,0.76725,0.703,0.2535,0.58025,0.40525,0.90875,0.28325,0.22575,0.34625,0.466,0.5935,0.63,0.743,0.72125,0.623,0.9585,0.89975,0.5175,0.69175,0.57275,0.754,0.8525,0.77,0.451,0.4265,0.936,0.5895,0.91425,0.642,0.74825,0.89425,0.21675,0.68625,0.89975,0.6405,0.7265,0.4185,0.62925,0.7415,0.57425,0.83225,0.85125,0.7065,0.537,0.619,0.58825,0.5445,0.787,0.86125,0.71425,0.60875,0.128,0.722,0.87975,0.88175,0.48975,0.548,0.5545,0.583,0.49025,0.82675,0.505,0.8935,0.428,0.64075,0.868,0.81825,0.87925,0.5,0.68125,0.54725,0.57325,0.584,0.72075,0.89325,0.6965,0.4935,0.2915,0.781,0.792,0.3205
"58",0.62175,0.133,0.84225,0.6515,0.3055,0.67725,0.8065,0.6775,0.50125,0.606,0.39275,0.8295,0.2625,0.5305,0.86175,0.842,0.12275,0.8375,0.9285,0.697,0.72075,0.6265,0.2245,0.5575,0.308,0.856,0.24375,0.1935,0.26875,0.39725,0.5625,0.59325,0.7235,0.64775,0.57975,0.9515,0.8645,0.4575,0.62825,0.521,0.71725,0.80825,0.7545,0.3885,0.33875,0.916,0.52325,0.87675,0.59075,0.682,0.8735,0.1685,0.641,0.8775,0.5815,0.6965,0.3495,0.57775,0.67875,0.504,0.82325,0.8395,0.68325,0.51,0.59975,0.555,0.5095,0.73425,0.818,0.6555,0.57975,0.082,0.666,0.8575,0.86975,0.424,0.499,0.5255,0.53025,0.42425,0.789,0.46575,0.88025,0.367,0.58775,0.864,0.765,0.84475,0.4445,0.6015,0.499,0.52225,0.506,0.692,0.87525,0.6785,0.4525,0.251,0.76675,0.74575,0.251
"59",0.586,0.08025,0.83,0.629,0.24475,0.64,0.72325,0.632,0.4555,0.50275,0.333,0.8045,0.23925,0.5085,0.813,0.81,0.07775,0.791,0.912,0.63725,0.66825,0.587,0.17475,0.50125,0.23825,0.83775,0.18,0.1455,0.20325,0.34825,0.51825,0.513,0.7125,0.616,0.5415,0.9375,0.86075,0.39,0.545,0.4675,0.6725,0.785,0.7315,0.32725,0.2705,0.8885,0.46625,0.8565,0.54525,0.5985,0.85125,0.12275,0.61825,0.848,0.49775,0.66825,0.29675,0.54725,0.61475,0.4255,0.77625,0.80925,0.638,0.41975,0.55025,0.55175,0.49,0.68425,0.80025,0.624,0.5395,0.054,0.63675,0.832,0.8585,0.327,0.43425,0.4675,0.498,0.38075,0.7495,0.41575,0.84075,0.2945,0.5435,0.82625,0.6875,0.83375,0.39325,0.53675,0.43175,0.469,0.428,0.6475,0.83575,0.65275,0.42925,0.19625,0.7345,0.711,0.166
"60",0.529,0.06975,0.802,0.5645,0.19475,0.58825,0.67225,0.54225,0.393,0.4115,0.2755,0.79075,0.1785,0.447,0.7715,0.796,0.05325,0.76,0.90175,0.5945,0.62925,0.4975,0.14475,0.4165,0.1765,0.7985,0.129,0.106,0.17725,0.3235,0.46375,0.44475,0.70025,0.51675,0.4955,0.913,0.8515,0.32525,0.4775,0.3925,0.6465,0.73425,0.7205,0.27025,0.21225,0.853,0.4125,0.83875,0.47775,0.54975,0.82325,0.09625,0.57025,0.78725,0.44925,0.64875,0.23475,0.5145,0.56625,0.348,0.72075,0.76,0.6105,0.3995,0.48325,0.517,0.40325,0.68025,0.7355,0.547,0.49475,0.03175,0.58625,0.82275,0.83425,0.25675,0.397,0.4215,0.4635,0.317,0.693,0.384,0.8055,0.224,0.46175,0.80025,0.60625,0.812,0.331,0.4505,0.3835,0.39725,0.364,0.5835,0.81625,0.64675,0.367,0.166,0.7115,0.6555,0.09475
"61",0.46675,0.03425,0.7745,0.544,0.14075,0.53775,0.625,0.52,0.3585,0.29,0.20225,0.769,0.1145,0.41725,0.71375,0.744,0.03375,0.717,0.87325,0.54825,0.57075,0.38825,0.09075,0.335,0.1235,0.7415,0.096,0.07175,0.11225,0.29075,0.4155,0.378,0.66675,0.4755,0.41775,0.91,0.82775,0.26825,0.3895,0.33875,0.5915,0.69125,0.66075,0.2345,0.147,0.82475,0.36225,0.8045,0.4115,0.47875,0.77325,0.061,0.54675,0.75075,0.39375,0.58375,0.188,0.461,0.4835,0.28325,0.6715,0.716,0.57375,0.34075,0.4355,0.48675,0.38425,0.641,0.69475,0.4815,0.47025,0.023,0.54225,0.786,0.80975,0.20275,0.326,0.379,0.4295,0.2795,0.62575,0.34525,0.7695,0.1815,0.452,0.7755,0.526,0.779,0.2795,0.40925,0.3085,0.32325,0.26725,0.526,0.81,0.598,0.335,0.1305,0.64475,0.5985,0.05775
"62",0.412,0.028,0.7415,0.46825,0.11175,0.51975,0.54325,0.448,0.29175,0.2085,0.15825,0.74475,0.08575,0.35625,0.65225,0.70925,0.01925,0.664,0.8545,0.4615,0.50975,0.32025,0.06675,0.27775,0.08475,0.681,0.06925,0.05025,0.093,0.22075,0.38575,0.30425,0.64675,0.40075,0.36975,0.88925,0.8055,0.22325,0.3285,0.2705,0.575,0.63275,0.61675,0.1705,0.10025,0.76675,0.2905,0.7535,0.369,0.41625,0.7475,0.03925,0.5055,0.668,0.30475,0.56575,0.134,0.4255,0.41825,0.19025,0.61925,0.68375,0.5475,0.273,0.3935,0.46775,0.36325,0.592,0.61825,0.429,0.427,0.0105,0.4875,0.7535,0.777,0.12875,0.2735,0.33375,0.379,0.2215,0.56175,0.28025,0.71275,0.1135,0.38825,0.74475,0.432,0.7435,0.23575,0.31525,0.2615,0.2515,0.20575,0.4845,0.78875,0.56075,0.2905,0.115,0.62125,0.53225,0.03275
"63",0.34825,0.01275,0.7195,0.431,0.0785,0.448,0.4565,0.398,0.22225,0.148,0.1025,0.71375,0.05425,0.315,0.58475,0.6675,0.00725,0.6265,0.82525,0.421,0.46325,0.25625,0.04725,0.23375,0.05625,0.62525,0.044,0.03175,0.0575,0.178,0.3135,0.23375,0.6355,0.32675,0.307,0.86475,0.76175,0.16,0.23775,0.2175,0.5275,0.56575,0.58825,0.12725,0.06675,0.68775,0.23375,0.7285,0.3065,0.34225,0.6775,0.0315,0.45325,0.58675,0.2555,0.519,0.108,0.37525,0.32775,0.1455,0.54125,0.6365,0.495,0.22275,0.316,0.43425,0.3125,0.541,0.554,0.33725,0.376,0.00225,0.4435,0.71825,0.76375,0.0835,0.20875,0.30025,0.33425,0.1765,0.50775,0.24375,0.621,0.0955,0.347,0.70325,0.34075,0.70925,0.18525,0.255,0.2095,0.2035,0.14875,0.413,0.74975,0.5285,0.24775,0.0725,0.55675,0.44,0.01375
"64",0.2795,0.007,0.68175,0.37175,0.05425,0.3815,0.387,0.343,0.1845,0.09525,0.07825,0.67875,0.033,0.2805,0.51125,0.6435,0.006,0.55675,0.7845,0.32275,0.37825,0.184,0.02975,0.17375,0.04125,0.57775,0.0265,0.02,0.0395,0.15375,0.27525,0.196,0.5935,0.24775,0.27475,0.841,0.7235,0.1185,0.1795,0.17725,0.4865,0.51425,0.548,0.097,0.04425,0.64125,0.17325,0.67375,0.25375,0.29175,0.62125,0.01675,0.4115,0.5155,0.202,0.4775,0.073,0.32575,0.2705,0.10275,0.4925,0.5745,0.45475,0.17775,0.25825,0.4255,0.2615,0.46425,0.49475,0.2665,0.33925,0.003,0.372,0.66925,0.723,0.0665,0.16725,0.225,0.3085,0.128,0.4135,0.2195,0.57075,0.05425,0.26975,0.67375,0.26475,0.6345,0.161,0.18225,0.165,0.15475,0.11425,0.36,0.7195,0.50375,0.2005,0.05675,0.499,0.39125,0.0075
"65",0.2335,0.00225,0.63975,0.323,0.03025,0.33075,0.3,0.2725,0.14375,0.05575,0.04775,0.653,0.02175,0.23075,0.4365,0.56775,0.002,0.48925,0.7465,0.27175,0.3185,0.123,0.017,0.1255,0.0215,0.483,0.0135,0.01175,0.027,0.114,0.22025,0.13475,0.558,0.19675,0.22375,0.78825,0.70325,0.079,0.116,0.128,0.433,0.4685,0.4965,0.059,0.02675,0.585,0.135,0.6265,0.198,0.2095,0.559,0.00825,0.36675,0.4395,0.15325,0.431,0.04625,0.28675,0.20475,0.057,0.4255,0.5185,0.39825,0.14,0.21,0.397,0.2315,0.435,0.44275,0.22425,0.30975,0.00125,0.3255,0.6475,0.685,0.0315,0.13825,0.20275,0.26075,0.10025,0.35825,0.16825,0.48025,0.0335,0.251,0.595,0.1915,0.62,0.1115,0.14675,0.11825,0.10325,0.067,0.29475,0.6825,0.4655,0.17225,0.04025,0.45625,0.30825,0.00425
"66",0.179,0.00125,0.58675,0.27275,0.021,0.2935,0.23375,0.218,0.10425,0.029,0.03125,0.6035,0.0115,0.18525,0.3635,0.518,0.002,0.414,0.69325,0.22625,0.25625,0.084,0.01025,0.091,0.0105,0.43175,0.01025,0.0065,0.01125,0.0785,0.18775,0.0965,0.548,0.1435,0.16975,0.76875,0.67825,0.0555,0.086,0.0865,0.38175,0.37225,0.45475,0.0375,0.01125,0.491,0.087,0.5625,0.1615,0.1445,0.49525,0.00575,0.322,0.34625,0.10075,0.4075,0.033,0.20575,0.15275,0.04025,0.36325,0.45275,0.34775,0.10125,0.14725,0.3745,0.19925,0.39325,0.364,0.15775,0.2545,5e-04,0.271,0.58675,0.65525,0.0145,0.087,0.1475,0.23425,0.066,0.2905,0.13125,0.41975,0.017,0.17775,0.5785,0.12775,0.53775,0.08725,0.09825,0.074,0.07325,0.0425,0.25475,0.63125,0.42725,0.129,0.0265,0.4025,0.23975,5e-04
"67",0.1315,0.00075,0.531,0.22175,0.015,0.23075,0.159,0.18025,0.075,0.0175,0.01025,0.5655,0.0045,0.151,0.29775,0.454,0.00075,0.368,0.6275,0.168,0.20575,0.05075,0.00625,0.05225,0.0085,0.32525,0.00325,0.00225,0.007,0.05025,0.1405,0.057,0.51325,0.1085,0.1215,0.6925,0.6105,0.0315,0.0575,0.06225,0.32975,0.30275,0.398,0.0255,0.007,0.39675,0.0695,0.5005,0.11225,0.1075,0.423,0.001,0.26275,0.273,0.07725,0.35375,0.02025,0.17825,0.09375,0.01875,0.284,0.42,0.30025,0.07425,0.11425,0.34525,0.15025,0.3045,0.2845,0.11175,0.202,0,0.23025,0.54775,0.58025,0.008,0.07525,0.11675,0.187,0.0445,0.2205,0.092,0.34425,0.01125,0.1425,0.52975,0.08175,0.498,0.06125,0.06025,0.05375,0.048,0.02625,0.199,0.57475,0.362,0.102,0.01725,0.34625,0.18375,0
"68",0.096,0,0.47175,0.1705,0.0075,0.18025,0.12125,0.14,0.05025,0.00575,0.01,0.51975,0.00325,0.12475,0.209,0.4065,0,0.316,0.54375,0.124,0.166,0.03275,0.00275,0.04025,0.00325,0.25175,0.001,0.0025,0.005,0.037,0.1075,0.036,0.48,0.0565,0.09525,0.6565,0.58925,0.01825,0.0275,0.043,0.2825,0.2425,0.3545,0.01525,0.00275,0.32175,0.045,0.446,0.0845,0.05975,0.356,5e-04,0.242,0.1985,0.04,0.29375,0.0095,0.152,0.06225,0.01075,0.22975,0.34275,0.26275,0.058,0.0845,0.293,0.11075,0.2645,0.22225,0.07575,0.1775,0,0.166,0.47325,0.54,0.004,0.0415,0.08975,0.15925,0.02625,0.162,0.076,0.27875,0.00625,0.09225,0.46675,0.0395,0.436,0.04175,0.03325,0.03,0.03125,0.01675,0.147,0.54575,0.31325,0.0785,0.0115,0.30125,0.13,0
"69",0.063,0,0.45,0.13775,0.00325,0.13425,0.07725,0.099,0.0345,0.0015,0.003,0.46475,0.00275,0.08675,0.15325,0.3375,0,0.2345,0.5005,0.0875,0.1145,0.0145,0.0015,0.01875,5e-04,0.2025,0.00225,5e-04,0.00175,0.0285,0.07875,0.02,0.4305,0.03925,0.05575,0.59875,0.52475,0.01075,0.01675,0.02075,0.2175,0.1865,0.312,0.0075,0.00125,0.21825,0.0225,0.39575,0.05725,0.0385,0.26175,5e-04,0.19875,0.13975,0.03125,0.25925,0.00575,0.1145,0.0415,0.002,0.148,0.29,0.212,0.02775,0.053,0.2755,0.0975,0.20775,0.14075,0.047,0.1375,0,0.12975,0.408,0.4715,0.0015,0.03,0.059,0.126,0.0125,0.107,0.04925,0.193,0.00325,0.07775,0.40625,0.0225,0.36575,0.02175,0.01875,0.0215,0.016,0.00675,0.103,0.50025,0.284,0.054,0.006,0.23225,0.0815,0
"70",0.03775,0,0.37975,0.097,0.00075,0.1015,0.03825,0.06075,0.01975,0.0015,0.0025,0.42075,0.00025,0.06525,0.093,0.32575,0,0.16,0.4425,0.05375,0.06775,0.007,0.001,0.01225,0.0015,0.1345,0,5e-04,0.001,0.013,0.04575,0.01075,0.3955,0.0235,0.0435,0.5145,0.4725,0.0045,0.0065,0.01225,0.1745,0.12775,0.26775,0.00525,5e-04,0.17075,0.0175,0.29625,0.03425,0.02275,0.21225,5e-04,0.15675,0.09175,0.01675,0.22025,0.00325,0.07925,0.02275,0.003,0.10475,0.21325,0.16625,0.017,0.037,0.2495,0.07175,0.15875,0.1005,0.0365,0.10275,0,0.09875,0.34425,0.41075,0.00025,0.017,0.04775,0.09825,0.007,0.069,0.0365,0.131,5e-04,0.0495,0.31525,0.013,0.30475,0.0195,0.01,0.006,0.01025,0.0015,0.0665,0.43525,0.248,0.03975,0.00275,0.1755,0.053,0
"71",0.02225,0,0.29525,0.0675,0.00025,0.0645,0.0255,0.03875,0.0095,0.00075,0.00075,0.36325,0.00075,0.0525,0.06325,0.23275,0,0.1215,0.3585,0.029,0.04975,0.003,0.00075,0.006,0.00025,0.089,0,0,0.0015,0.01125,0.03525,0.00575,0.35225,0.01025,0.0285,0.425,0.41775,0.00175,0.0035,0.00725,0.1485,0.083,0.2125,0.00225,0,0.1035,0.006,0.24025,0.0215,0.00825,0.1545,0,0.1075,0.05075,0.0075,0.1815,0.00075,0.0565,0.011,0.0015,0.07025,0.16075,0.12975,0.00925,0.02,0.211,0.048,0.11925,0.06725,0.015,0.07875,0,0.0705,0.30675,0.3535,5e-04,0.008,0.02575,0.073,0.003,0.04225,0.02175,0.09175,5e-04,0.03625,0.2695,0.00725,0.2455,0.00725,0.0035,0.0045,0.00525,0.00025,0.04325,0.3685,0.20825,0.02475,0.002,0.14175,0.0375,0
"72",0.01275,0,0.256,0.04475,0,0.05375,0.012,0.0285,0.00275,0,0,0.30075,0,0.02425,0.038,0.19125,0,0.0805,0.26775,0.02025,0.0225,0.0015,0.00025,0.0025,0,0.0515,0,0,0,0.0035,0.027,0.0035,0.3075,0.009,0.017,0.366,0.31725,0.00075,0.00275,0.0025,0.10975,0.054,0.1735,5e-04,0,0.06275,0.00275,0.16175,0.0145,0.004,0.099,0,0.071,0.03225,0.003,0.14025,0.00025,0.04275,0.00675,5e-04,0.043,0.1045,0.10175,0.00525,0.01175,0.19075,0.03675,0.0855,0.03775,0.008,0.05175,0,0.04525,0.2455,0.3215,0,0.005,0.0175,0.0545,0.0025,0.01975,0.01525,0.05175,0.00025,0.01925,0.20025,0.002,0.1805,0.00425,0.0025,0.00225,0.00175,0.00075,0.02925,0.302,0.16325,0.0145,0.001,0.112,0.02275,0
"73",0.0075,0,0.21575,0.0285,0,0.0305,0.0045,0.012,0.00275,0,0.00025,0.26225,0.00025,0.01625,0.0215,0.131,0,0.05325,0.2165,0.00925,0.01675,0,0,0.00125,0,0.02825,0,0,0,0.0015,0.01475,0,0.2785,0.0015,0.0095,0.27575,0.308,0,5e-04,0.00075,0.07475,0.03475,0.13075,0,0,0.039,0.00125,0.133,0.0035,0.0025,0.0605,0,0.053,0.015,0.0025,0.10575,0,0.01975,0.003,0,0.026,0.08225,0.06725,0.0025,0.005,0.15375,0.02,0.052,0.0225,0.0035,0.03525,0,0.021,0.17,0.24,0,0.00225,0.006,0.0365,5e-04,0.01475,0.009,0.02775,0.00025,0.00875,0.156,0.00075,0.125,0.002,0.00125,0.001,5e-04,0,0.0135,0.24425,0.1305,0.00675,0.00025,0.07175,0.006,0
"74",0.004,0,0.1505,0.0185,0,0.0155,0.00275,0.0065,0.00075,0,0,0.1865,0,0.01125,0.00875,0.095,0,0.029,0.15375,0.00375,0.00575,0.00025,0,0.00025,0,0.01825,0,0,0,0.001,0.007,5e-04,0.21925,0.00175,0.0055,0.21425,0.23525,5e-04,0.00075,0.00075,0.05575,0.017,0.09125,0,0,0.015,5e-04,0.0825,0.00225,0.00175,0.0365,0,0.038,0.00575,0.001,0.0795,0,0.01025,5e-04,0,0.01125,0.0465,0.04725,0.001,0.002,0.1375,0.014,0.03475,0.01125,0.001,0.0245,0,0.0105,0.13875,0.18525,0,0.00025,0.00375,0.023,0,0.006,0.00575,0.015,0,0.00525,0.113,0.00025,0.0945,5e-04,0.00025,0,5e-04,0,0.008,0.17475,0.0935,0.007,0,0.04575,0.006,0
"75",0.00075,0,0.104,0.00775,0,0.008,0.00025,0.00275,5e-04,0,0,0.1455,0,0.00525,0.00225,0.06875,0,0.0145,0.09175,0.00275,0.0025,0.00025,0,5e-04,0,0.00575,0,0,0,0.00075,0.0025,0,0.18375,0.00025,0.0035,0.15,0.182,0,0.00025,0.00025,0.03175,0.01,0.0615,0,0,0.00975,0.00025,0.04625,0.00125,0.00025,0.02175,0,0.024,0.002,0.00025,0.04875,0,0.005,0.00075,0,0.00475,0.027,0.02975,0.00025,0.00025,0.11225,0.00975,0.0185,0.00475,0.00025,0.009,0,0.005,0.09175,0.149,0,0.00075,0.00125,0.01325,5e-04,0.002,0.0015,0.00575,0,0.00175,0.07975,0,0.0545,5e-04,0.00025,5e-04,0,0,0.005,0.148,0.075,0.00275,0,0.02725,0.002,0
"76",0.001,0,0.0825,0.00425,0,0.0045,0.00075,0.00075,0,0,0,0.111,0,0.00275,0.00225,0.0365,0,0.008,0.062,0.00075,0.001,0,0,0,0,0.00325,0,0,0,0,5e-04,0.00025,0.1525,0,5e-04,0.0965,0.124,0,0,0,0.0205,0.0035,0.0435,0.00025,0,0.00275,0,0.02475,0.00075,0.00025,0.01,0,0.01275,0.0015,5e-04,0.042,0,0.00375,0,0,0.00175,0.016,0.02125,0.00025,0.001,0.08525,0.0055,0.01125,0.0015,0,0.00875,0,0.004,0.059,0.092,0,0,0.001,0.008,0.00025,0.00075,0.00075,0.00275,0,0.00125,0.04575,0,0.03,0,0,0.00025,0.00025,0,0.0015,0.09875,0.04975,5e-04,0,0.01675,0.00025,0
"77",0.00025,0,0.051,0.002,0,0.00225,0,5e-04,0.00025,0,0,0.07675,0,0.00075,0.001,0.0185,0,0.0045,0.034,0.00025,5e-04,0,0,0,0,0.002,0,0,0,0,5e-04,0,0.11975,0,0,0.06525,0.084,0,0,0,0.01025,0.00225,0.02125,0,0,0.001,0,0.00975,0,0,0.00275,0,0.0085,0.00025,0,0.0185,0,0.00175,0,0,0.001,0.0055,0.007,0,0,0.058,0.001,0.00375,5e-04,0,0.00525,0,5e-04,0.03225,0.0655,0,0,0.00025,0.003,0,5e-04,0.00025,0.00075,0,0.00025,0.024,0,0.02275,0,0,0,0,0,0.00075,0.06475,0.0305,0,0,0.00875,0,0
"78",0,0,0.0275,0.00025,0,0.00075,0,0,0,0,0,0.04625,0,5e-04,0,0.01175,0,0.001,0.014,0,0,0,0,0,0,5e-04,0,0,0,0,0.00025,0,0.0915,0,0,0.036,0.05675,0,0,0,0.00375,0,0.015,0,0,5e-04,0,0.004,0,0,0.00175,0,0.001,0.00025,0,0.00975,0,0.00025,0,0,0.00025,0.00175,0.0045,0,0,0.04525,5e-04,0.00225,0,0,0.0015,0,0.00025,0.01675,0.03,0,0.00025,0.00025,0.0015,0,0.00025,0.00025,0,0,0,0.01325,0,0.0095,0,0,0,0,0,0.00025,0.04,0.018,0,0,0.00375,0,0
"79",0,0,0.012,0,0,0.00025,0,0,0,0,0,0.02675,0,0.00025,0.00025,0.00375,0,0,0.0085,0,0,0,0,0,0,0,0,0,0,0,0,0,0.06175,0,0,0.015,0.032,0,0,0,0.00325,0,0.00825,0,0,0,0,0.00275,0,0,0.00025,0,0.002,0,0,0.00875,0,0.00025,0,0,5e-04,0.00125,0.0015,0,0,0.02725,0,0.00025,0,0,0.00075,0,0,0.01175,0.022,0,0,0.00025,0.002,0,0,0,0,0,0,0.00775,0,0.00375,0,0,0,0,0,0,0.02275,0.011,0,0,0.001,0,0
"80",0,0,0.0065,0.00025,0,0,0,0,0,0,0,0.01025,0,0,0,0.00175,0,0.00025,0.00125,0,0,0,0,0,0,0,0,0,0,0,0,0,0.04175,0,0,0.0055,0.0185,0,0,0,0.00125,0,0.0045,0,0,0,0,0.00125,0,0,0,0,0.00025,0,0,0.00325,0,0,0,0,0,0.00025,0.001,0,0,0.02225,0.00025,0.00025,0,0,0.00025,0,0,0.00425,0.00875,0,0,0,0,0,0,0,0,0,0,0.004,0,0.001,0,0,0,0,0,0,0.01,0.0065,0,0,0.00025,0,0
"81",0,0,0.0025,0,0,0.00025,0,0,0,0,0,0.006,0,0,0,5e-04,0,0,0.00125,0,0,0,0,0,0,0,0,0,0,0,0,0,0.03,0,0,0.00275,0.00975,0,0,0,0.00025,0,0.00125,0,0,0,0,0,0,0,0,0,0,0,0,0.00075,0,0,0,0,0,0,5e-04,0,0,0.013,0,0.00025,0,0,0.00075,0,0,0.00125,0.005,0,0,0,0.00025,0,0,0,0,0,0,0.0015,0,0.00025,0,0,0,0,0,0,0.00525,0.00275,0,0,0,0,0
